<?xml version="1.0" encoding="UTF-8"?>
<Home name="showroom">
  <globalMatrix>954.2868;0.0;0.0;-2527.0754;0.0;-954.2868;0.0;-1461.3593;0.0;0.0;954.2868;-1050.2155;0.0;0.0;0.0;1.0</globalMatrix>
  <Item id="washingID">
    <globalMatrix>502.51382;0.0;0.0;-4.1509047E-6;0.0;-502.51382;0.0;3.9735824E-8;0.0;0.0;502.51382;-1.6372651E-6;0.0;0.0;0.0;1.0</globalMatrix>
    <variant>0</variant>
  </Item>
  <Item id="NOtebookkID">
    <globalMatrix>1914.667;0.0;0.0;-50.98279;0.0;-1914.667;0.0;0.38415527;0.0;0.0;1914.667;206.18288;0.0;0.0;0.0;1.0</globalMatrix>
    <variant>0</variant>
  </Item>
  <Item id="FridgieFridge">
    <globalMatrix>310.96606;0.0;0.0;-199.72546;0.0;-310.96606;0.0;6.592407;0.0;0.0;310.96606;21.345793;0.0;0.0;0.0;1.0</globalMatrix>
    <variant>0</variant>
  </Item>
  <Item id="HobID">
    <globalMatrix>413.45065;0.0;0.0;-4.1509047E-6;0.0;-413.45065;0.0;0.0;0.0;0.0;413.45065;6.557394E-6;0.0;0.0;0.0;1.0</globalMatrix>
    <variant>0</variant>
  </Item>
  <Item id="HEALTH ROOM TV">
    <globalMatrix>367.96774;0.0;0.0;6.4018354;0.0;-367.96774;0.0;-1.2226792E-8;0.0;0.0;367.96774;-3.8806475E-6;0.0;0.0;0.0;1.0</globalMatrix>
    <variant>0</variant>
  </Item>
  <Item id="MeterID">
    <globalMatrix>607.8663;0.0;0.0;-68.24692;0.0;-607.8663;0.0;3.203125;0.0;0.0;607.8663;2.0339642;0.0;0.0;0.0;1.0</globalMatrix>
    <variant>0</variant>
  </Item>
  <Item id="HOT PLATE">
    <globalMatrix>413.45065;0.0;0.0;-4.1509047E-6;0.0;-413.45065;0.0;0.0;0.0;0.0;413.45065;6.557394E-6;0.0;0.0;0.0;1.0</globalMatrix>
    <variant>0</variant>
  </Item>
  <Item id="CookTopID">
    <globalMatrix>413.45065;0.0;0.0;-4.1509047E-6;0.0;-413.45065;0.0;0.0;0.0;0.0;413.45065;6.557394E-6;0.0;0.0;0.0;1.0</globalMatrix>
    <variant>0</variant>
  </Item>
  <Item id="CEILING LIGHT">
    <globalMatrix>401.4166;0.0;0.0;1079.317;0.0;-401.4166;0.0;4.048218;0.0;0.0;401.4166;220.45445;0.0;0.0;0.0;1.0</globalMatrix>
    <variant>0</variant>
  </Item>
  <Item id="HOOD">
    <globalMatrix>999.17554;0.0;0.0;104.306656;0.0;-999.17554;0.0;0.5097046;0.0;0.0;999.17554;13.0610485;0.0;0.0;0.0;1.0</globalMatrix>
    <variant>0</variant>
  </Item>
  <Item id="BLINDID">
    <globalMatrix>65.92962;0.0;0.0;-30.850882;0.0;-65.92962;0.0;18.56482;0.0;0.0;65.92962;-25.70879;0.0;0.0;0.0;1.0</globalMatrix>
    <variant>0</variant>
  </Item>
  <Item id="pcID">
    <globalMatrix>133.63025;0.0;0.0;-4.1509047E-6;0.0;-133.63025;0.0;0.0;0.0;0.0;133.63025;-132.63025;0.0;0.0;0.0;1.0</globalMatrix>
    <variant>0</variant>
  </Item>
  <Item id="HeaterID">
    <globalMatrix>47.305134;0.0;0.0;-978.76154;0.0;-47.305134;0.0;3.9772034;0.0;0.0;47.305134;-459.73685;0.0;0.0;0.0;1.0</globalMatrix>
    <variant>0</variant>
  </Item>
  <Item id="LIVING ROOM TV">
    <globalMatrix>367.96774;0.0;0.0;6.4018354;0.0;-367.96774;0.0;-1.2226792E-8;0.0;0.0;367.96774;-3.8806475E-6;0.0;0.0;0.0;1.0</globalMatrix>
    <variant>0</variant>
  </Item>
  <Item id="socketID">
    <globalMatrix>347.89694;0.0;0.0;-4.1509047E-6;0.0;-347.89694;0.0;0.0;0.0;0.0;347.89694;-2.785969E-6;0.0;0.0;0.0;1.0</globalMatrix>
    <variant>0</variant>
  </Item>
  <Item id="MixerID">
    <globalMatrix>69.46996;0.0;0.0;14.26985;0.0;-69.46996;0.0;39.9812;0.0;0.0;69.46996;-67.18139;0.0;0.0;0.0;1.0</globalMatrix>
    <variant>0</variant>
  </Item>
  <Item id="ovenID">
    <globalMatrix>796.8862;0.0;0.0;137.15771;0.0;-796.8862;0.0;2.2264404;0.0;0.0;796.8862;3.633681E-6;0.0;0.0;0.0;1.0</globalMatrix>
    <variant>0</variant>
  </Item>
  <Item id="S-501011">
    <globalMatrix>359.3741;0.0;0.0;1.0546888;0.0;-359.3741;0.0;-0.07584381;0.0;0.0;359.3741;0.20949505;0.0;0.0;0.0;1.0</globalMatrix>
    <variant>0</variant>
  </Item>
  <Item id="remoteID">
    <globalMatrix>171.37999;0.0;0.0;-4.1509047E-6;0.0;-171.37999;0.0;-0.16074371;0.0;0.0;171.37999;-122.54859;0.0;0.0;0.0;1.0</globalMatrix>
    <variant>0</variant>
  </Item>
  <Item id="DISHWASHER">
    <globalMatrix>355.332;0.0;0.0;-1.1190849E-5;0.0;-355.332;0.0;0.0;0.0;0.0;355.332;5.402679E-6;0.0;0.0;0.0;1.0</globalMatrix>
    <variant>0</variant>
  </Item>
  <Item id="radioID">
    <globalMatrix>199.53584;0.0;0.0;-4.1509047E-6;0.0;-199.53584;0.0;0.0;0.0;0.0;199.53584;9.924368E-7;0.0;0.0;0.0;1.0</globalMatrix>
    <variant>0</variant>
  </Item>
  <Item id="CookerID">
    <globalMatrix>796.8862;0.0;0.0;137.15771;0.0;-796.8862;0.0;2.2264404;0.0;0.0;796.8862;3.633681E-6;0.0;0.0;0.0;1.0</globalMatrix>
    <variant>0</variant>
  </Item>
  <Item id="HoodID">
    <globalMatrix>999.17554;0.0;0.0;104.306656;0.0;-999.17554;0.0;0.5097046;0.0;0.0;999.17554;13.0610485;0.0;0.0;0.0;1.0</globalMatrix>
    <variant>0</variant>
  </Item>
</Home>

